id,last_name,first_name
68C594E3-83A0-EACD-C681-576994EB041E,Stanton,Sylvester
AB538452-2535-AD05-F812-CAAEDB63DC4F,Bryant,Dai
4DC3EBE9-9273-D5C6-4EFE-979A6A39FD36,Fleming,Jada
2C50CDC7-1AAC-2C83-5786-1B7643EBB47E,Church,Len
55E9D3E5-4AEB-CBE9-1E95-CCB28BE0BED0,Talley,Jordan
1ECDE44C-FA80-B1B7-55B3-AC6BB57DC5B2,Simmons,Risa
07DD54FC-B7B3-1585-C120-F9E41BB353D8,Harmon,Brent
3AA1182C-ABD1-ABF6-36A9-5833DD3375A9,Middleton,Lenore
99B28EF4-D47A-FD3D-0298-5D783BDC2C3F,Garner,Caldwell
ABAC3A56-4A9C-F8D1-91E4-46481B939228,Guzman,Mannix
1B13349B-3DA1-37E1-0546-6E1CD9395F94,Mccall,Tyrone
F99C396B-651A-6CC9-642A-86EC0D7D9471,Chang,Ali
AF0C7752-6A63-55E2-A4ED-9B9B922A3EA6,Workman,Nichole
428A3368-2033-E471-3DBB-E5E39FA22164,Casey,Theodore
233A3393-AF24-F522-DF5F-C0DAFE8B391B,Garrett,Fallon
91851D1A-1CB9-1F92-0D58-EA3EAAE4AE8E,Morse,Boris
4D954573-D9C7-01E7-EAEC-8EAE910FB29E,Melendez,Brynne
860AC510-9AEE-6EEC-EA56-84646D575447,Whitley,Jordan
83C5589D-44B7-587C-AF68-50F3BD12EF28,Gaines,Rebecca
A39E9D52-2146-BA6F-D955-4C60C68CF133,Dudley,Porter
C253E446-2877-1E28-815B-37104CCCEEF5,Sherman,Aimee
543ACB58-16F0-366B-A18A-E15B894AD9E9,Pruitt,Sylvester
E1E8D645-7474-2073-13A6-148E846F8719,Cruz,Hyatt
DA430AD1-845C-437C-E99D-6C39F7A4413B,Key,Reuben
DF643763-AD6D-DD37-14BA-3726E2C4A2B7,Bell,Hyacinth
FBA41AB5-BD23-5D83-8D6E-B64AED8C315E,Hewitt,Bradley
A2EB3077-9B68-97D4-9963-9B3462E9C35B,Joseph,Camille
418D4CDD-A4ED-5EF2-1134-CECF969C45E9,Cantrell,Brenna
676E235A-73A2-FD5D-2AAE-BE9D67988A5A,Fry,Astra
251531CB-F77F-D1A2-5414-F7C14CC89CF8,Holloway,Tashya
